congress,chamber,icpsr,state_icpsr,district_code,state_abbrev,party_code,occupancy,last_means,bioname,bioguide_id,born,died,nominate_dim1,nominate_dim2,nominate_log_likelihood,nominate_geo_mean_probability,nominate_number_of_votes,nominate_number_of_errors,conditional,nokken_poole_dim1,nokken_poole_dim2
116,House,20301,41,3,AL,200,,,"ROGERS, Mike Dennis",R000575,1958,,0.354,0.458,-151.41279,0.76919,577,63,,0.528,0.353
116,House,21102,41,7,AL,100,,,"SEWELL, Terri",S001185,1965,,-0.39,0.401,-22.82722,0.96261,599,9,,-0.409,0.356
116,House,21192,41,2,AL,200,,,"ROBY, Martha",R000591,1976,,0.361,0.654,-86.08553,0.86251,582,30,,0.341,0.658
116,House,21193,41,5,AL,200,,,"BROOKS, Mo",B001274,1954,,0.645,-0.442,-115.50384,0.82436,598,48,,0.778,-0.354
116,House,21376,41,1,AL,200,,,"BYRNE, Bradley",B001289,1955,,0.609,0.243,-97.83594,0.84624,586,37,,0.707,0.144
116,House,21500,41,6,AL,200,,,"PALMER, Gary James",P000609,1954,,0.711,-0.061,-89.86752,0.86133,602,38,,0.663,0.039
116,House,29701,41,4,AL,200,,,"ADERHOLT, Robert",A000055,1965,,0.367,0.595,-97.57898,0.84515,580,35,,0.427,0.713
116,House,14066,81,1,AK,200,,,"YOUNG, Donald Edwin",Y000033,1933,,0.284,0.023,-171.45832,0.74407,580,60,,0.358,0.147
116,House,20305,61,3,AZ,100,,,"GRIJALVA, Raúl M.",G000551,1948,,-0.599,-0.255,-20.22563,0.96555,577,8,,-0.606,-0.645
116,House,20902,61,2,AZ,100,,,"KIRKPATRICK, Ann",K000368,1950,,-0.162,-0.006,-38.5753,0.93489,573,17,,-0.372,0.476
116,House,21103,61,4,AZ,200,,,"GOSAR, Paul",G000565,1958,,0.674,-0.414,-106.12314,0.8312,574,43,,0.919,-0.395
116,House,21105,61,6,AZ,200,,,"SCHWEIKERT, David",S001183,1962,,0.593,-0.33,-172.55167,0.75043,601,83,,0.519,-0.317
116,House,21502,61,7,AZ,100,,,"GALLEGO, Ruben",G000574,1979,,-0.45,-0.023,-16.53176,0.97246,592,9,,-0.406,-0.075
116,House,21705,61,5,AZ,200,,,"BIGGS, Andrew S.",B001302,1958,,0.883,-0.47,-83.7132,0.86772,590,27,,0.919,-0.395
116,House,21739,61,1,AZ,100,,,"O'HALLERAN, Thomas C.",O000171,1946,,-0.183,0.154,-32.92233,0.94635,597,12,,-0.338,0.47
116,House,21757,61,8,AZ,200,,,"LESKO, Debbie",L000589,1958,,0.605,-0.053,-89.53929,0.86137,600,41,,0.591,-0.014
116,House,21968,61,9,AZ,100,,,"STANTON, Greg",S001211,1970,,-0.299,-0.125,-14.83051,0.97563,601,5,,-0.321,-0.107
116,House,21106,42,1,AR,200,,,"CRAWFORD, Rick",C001087,1966,,0.408,0.493,-73.53189,0.87837,567,34,,0.5,0.54
116,House,21108,42,3,AR,200,,,"WOMACK, Steve",W000809,1957,,0.353,0.586,-54.63381,0.91338,603,22,,0.369,0.655
116,House,21503,42,2,AR,200,,,"HILL, French",H001072,1956,,0.453,0.225,-75.74585,0.88121,599,27,,0.412,0.365
116,House,21563,42,4,AR,200,,,"WESTERMAN, Bruce Eugene",W000821,1967,,0.548,0.36,-60.51262,0.90283,592,23,,0.542,0.552
116,House,15448,71,12,CA,100,,,"PELOSI, Nancy",P000197,1940,,-0.49,-0.206,-0.45701,0.98772,37,0,,-0.441,0.224
116,House,20104,71,28,CA,100,,,"SCHIFF, Adam",S001150,1960,,-0.349,-0.129,-10.19628,0.98318,601,2,,-0.447,-0.002
116,House,20108,71,53,CA,100,,,"DAVIS, Susan A.",D000598,1944,,-0.343,-0.107,-9.20723,0.98462,594,1,,-0.377,-0.086
116,House,20307,71,22,CA,200,,,"NUNES, Devin",N000181,1973,,0.449,0.212,-64.84753,0.89723,598,24,,0.456,0.405
116,House,20310,71,38,CA,100,,,"SÁNCHEZ, Linda T.",S001156,1969,,-0.508,-0.139,-11.15013,0.98109,584,5,,-0.503,-0.079
116,House,20501,71,16,CA,100,,,"COSTA, Jim",C001059,1952,,-0.191,0.47,-73.91238,0.88355,597,27,,-0.416,0.909
116,House,20538,71,6,CA,100,,,"MATSUI, Doris",M001163,1944,,-0.434,-0.164,-22.25046,0.96336,596,7,,-0.412,0.116
116,House,20702,71,9,CA,100,,,"McNERNEY, Jerry",M001166,1951,,-0.261,-0.149,-13.62506,0.97674,579,4,,-0.47,-0.061
116,House,20703,71,23,CA,200,,,"MCCARTHY, Kevin",M001165,1965,,0.459,0.21,-80.72431,0.87273,593,37,,0.424,0.376
116,House,20762,71,14,CA,100,,,"SPEIER, Karen Lorraine Jacqueline (Jackie)",S001175,1950,,-0.381,-0.448,-36.85636,0.93894,585,8,,-0.282,-0.283
116,House,20903,71,4,CA,200,,,"McCLINTOCK, Tom",M001177,1956,,0.72,-0.478,-145.75615,0.78305,596,83,,0.639,-0.361
116,House,20955,71,27,CA,100,,,"CHU, Judy",C001080,1953,,-0.486,-0.375,-10.97194,0.98191,601,4,,-0.401,-0.426
116,House,20958,71,3,CA,100,,,"GARAMENDI, John",G000559,1945,,-0.308,-0.096,-25.9858,0.95698,591,6,,-0.29,-0.095
116,House,20963,71,50,CA,200,,,"HUNTER, Duncan Duane",H001048,1976,,0.539,0.085,-124.54558,0.79736,550,57,,0.637,-0.1
116,House,21110,71,37,CA,100,,,"BASS, Karen",B001270,1953,,-0.586,-0.103,-14.53631,0.9746,565,7,,-0.493,-0.521
116,House,21302,71,1,CA,200,,,"LaMALFA, Doug",L000578,1960,,0.533,0.109,-90.91393,0.85584,584,37,,0.501,0.191
116,House,21303,71,2,CA,100,,,"HUFFMAN, Jared",H001068,1964,,-0.425,-0.546,-22.24206,0.96225,578,7,,-0.363,-0.633
116,House,21304,71,7,CA,100,,,"BERA, Ami",B001287,1965,,-0.231,0.013,-24.47219,0.96016,602,11,,-0.365,0.352
116,House,21305,71,8,CA,200,,,"COOK, Paul",C001094,1943,,0.376,0.201,-90.66718,0.858,592,35,,0.328,0.364
116,House,21306,71,15,CA,100,,,"SWALWELL, Eric",S001193,1980,,-0.368,-0.11,-15.79791,0.963,419,6,,-0.54,0.174
116,House,21308,71,26,CA,100,,,"BROWNLEY, Julia",B001285,1952,,-0.285,0.051,-27.06727,0.95582,599,12,,-0.387,0.258
116,House,21309,71,29,CA,100,,,"CÁRDENAS, Tony",C001097,1963,,-0.382,0.02,-22.89698,0.96069,571,11,,-0.51,0.114
116,House,21311,71,36,CA,100,,,"RUIZ, Raul",R000599,1972,,-0.241,0.062,-34.86964,0.94381,603,15,,-0.419,0.323
116,House,21312,71,41,CA,100,,,"TAKANO, Mark",T000472,1960,,-0.462,-0.257,-13.02303,0.9781,588,5,,-0.365,-0.338
116,House,21313,71,47,CA,100,,,"LOWENTHAL, Alan",L000579,1941,,-0.45,-0.368,-11.19825,0.98157,602,3,,-0.477,-0.473
116,House,21314,71,51,CA,100,,,"VARGAS, Juan",V000130,1961,,-0.397,0.103,-25.20988,0.95782,585,8,,-0.482,-0.315
116,House,21315,71,52,CA,100,,,"PETERS, Scott",P000608,1958,,-0.177,-0.052,-51.78878,0.915,583,22,,-0.194,0.114
116,House,21504,71,11,CA,100,,,"DESAULNIER, Mark James",D000623,1952,,-0.528,-0.357,-9.38863,0.9845,601,3,,-0.437,-0.501
116,House,21506,71,31,CA,100,,,"AGUILAR, Peter Rey",A000371,1979,,-0.29,0.133,-43.90829,0.92909,597,17,,-0.448,0.334
116,House,21507,71,33,CA,100,,,"LIEU, Ted",L000582,1969,,-0.37,-0.261,-19.12715,0.96723,574,5,,-0.591,-0.281
116,House,21508,71,35,CA,100,,,"TORRES, Norma Judith",T000474,1965,,-0.362,0.029,-21.99744,0.96364,594,8,,-0.539,0.185
116,House,21703,71,44,CA,100,,,"BARRAGÁN, Nanette Diaz",B001300,1976,,-0.519,0.086,-13.49945,0.97749,593,7,,-0.526,-0.371
116,House,21709,71,24,CA,100,,,"CARBAJAL, Salud",C001112,1964,,-0.299,0.141,-14.50956,0.97622,603,3,,-0.379,0.023
116,House,21711,71,46,CA,100,,,"CORREA, Jose Luis",C001110,1958,,-0.279,0.335,-43.26566,0.92929,590,21,,-0.276,0.142
116,House,21728,71,17,CA,100,,,"KHANNA, Rohit",K000389,1976,,-0.587,-0.195,-25.11232,0.95908,601,6,,-0.306,-0.572
116,House,21740,71,20,CA,100,,,"PANETTA, James Varni",P000613,1969,,-0.303,0.036,-33.00112,0.94674,603,14,,-0.28,0.215
116,House,21754,71,34,CA,100,,,"GOMEZ, Jimmy",G000585,1974,,-0.595,-0.055,-19.74552,0.96757,599,10,,-0.398,-0.489
116,House,21907,71,39,CA,100,,,"CISNEROS, Gil",C001123,1972,,-0.375,0.561,-40.06348,0.93562,602,15,,-0.386,0.587
116,House,21909,71,21,CA,100,,,"COX, TJ",C001124,1963,,-0.325,0.437,-39.1093,0.93659,597,11,,-0.329,0.445
116,House,21930,71,10,CA,100,,,"HARDER, Josh",H001090,1986,,-0.373,0.768,-53.32088,0.91456,597,13,,-0.385,0.799
116,House,21932,71,25,CA,100,,,"HILL, Katie",H001087,1987,,-0.306,0.114,-20.26703,0.96104,510,8,,-0.305,0.113
116,House,21939,71,49,CA,100,,,"LEVIN, Mike",L000593,1978,,-0.395,0.107,-14.93112,0.97554,603,4,,-0.405,0.122
116,House,21954,71,45,CA,100,,,"PORTER, Katie",P000618,1974,,-0.172,0.08,-73.45282,0.88313,591,29,,-0.171,0.079
116,House,21960,71,48,CA,100,,,"ROUDA, Harley",R000616,1961,,-0.326,0.522,-33.1831,0.9454,591,9,,-0.329,0.53
116,House,29106,71,43,CA,100,,,"WATERS, Maxine",W000187,1938,,-0.653,-0.071,-51.42222,0.91787,600,16,,-0.547,0.491
116,House,29312,71,18,CA,100,,,"ESHOO, Anna Georges",E000215,1942,,-0.381,-0.427,-10.67732,0.98182,582,5,,-0.401,-0.16
116,House,29317,71,40,CA,100,,,"ROYBAL-ALLARD, Lucille",R000486,1941,,-0.471,-0.19,-7.39125,0.98772,598,2,,-0.478,-0.208
116,House,29323,71,42,CA,200,,,"CALVERT, Ken",C000059,1953,,0.348,0.218,-70.55776,0.88888,599,23,,0.309,0.564
116,House,29504,71,19,CA,100,,,"LOFGREN, Zoe",L000397,1947,,-0.402,-0.444,-24.19952,0.95981,590,8,,-0.602,-0.229
116,House,29707,71,30,CA,100,,,"SHERMAN, Brad",S000344,1954,,-0.342,-0.148,-14.68375,0.97546,591,8,,-0.407,0.041
116,House,29778,71,13,CA,100,,,"LEE, Barbara",L000551,1946,,-0.683,-0.587,-18.81033,0.96903,598,6,,-0.469,-0.796
116,House,29901,71,5,CA,100,,,"THOMPSON, Michael",T000460,1951,,-0.395,0.064,-31.81582,0.94715,586,16,,-0.463,0.496
116,House,29903,71,32,CA,100,,,"NAPOLITANO, Grace Flores",N000179,1936,,-0.448,-0.251,-14.72082,0.9758,601,7,,-0.424,-0.44
116,House,20704,62,5,CO,200,,,"LAMBORN, Doug",L000564,1954,,0.68,0.198,-60.39961,0.90269,590,25,,0.629,0.317
116,House,20705,62,7,CO,100,,,"PERLMUTTER, Ed",P000593,1953,,-0.281,0.076,-24.27887,0.95787,564,9,,-0.262,-0.097
116,House,21111,62,3,CO,200,,,"TIPTON, Scott",T000470,1956,,0.447,-0.025,-105.99436,0.83831,601,43,,0.425,0.025
116,House,21510,62,4,CO,200,,,"BUCK, Kenneth Robert",B001297,1959,,0.752,-0.457,-91.20416,0.8377,515,39,,0.727,-0.385
116,House,21912,62,6,CO,100,,,"CROW, Jason",C001121,1979,,-0.259,0.384,-38.00464,0.93882,602,14,,-0.259,0.384
116,House,21948,62,2,CO,100,,,"NEGUSE, Joseph",N000191,1984,,-0.514,-0.466,-11.12733,0.98169,602,3,,-0.432,-0.573
116,House,29710,62,1,CO,100,,,"DeGETTE, Diana",D000197,1957,,-0.432,-0.315,-11.51071,0.98103,601,3,,-0.478,-0.423
116,House,20706,1,2,CT,100,,,"COURTNEY, Joe",C001069,1953,,-0.344,0.016,-16.50151,0.97296,602,3,,-0.386,-0.029
116,House,20907,1,4,CT,100,,,"HIMES, James A.",H001047,1966,,-0.242,-0.243,-33.43389,0.94509,592,12,,-0.303,0.096
116,House,21931,1,5,CT,100,,,"HAYES, Jahana",H001081,1973,,-0.34,-0.067,-16.16791,0.97213,572,4,,-0.338,-0.076
116,House,29109,1,3,CT,100,,,"DeLAURO, Rosa L.",D000216,1943,,-0.416,-0.12,-12.95679,0.97783,578,4,,-0.402,-0.085
116,House,29908,1,1,CT,100,,,"LARSON, John B.",L000557,1948,,-0.398,-0.054,-11.02028,0.98171,597,4,,-0.359,-0.038
116,House,21706,11,1,DE,100,,,"BLUNT ROCHESTER, Lisa",B001303,1962,,-0.327,-0.125,-11.96583,0.98032,602,3,,-0.394,-0.198
116,House,20316,43,25,FL,200,,,"DIAZ-BALART, Mario",D000600,1961,,0.278,0.115,-114.22875,0.82612,598,47,,0.279,0.202
116,House,20504,43,23,FL,100,,,"WASSERMAN SCHULTZ, Debbie",W000797,1966,,-0.421,0.067,-21.55029,0.96365,582,5,,-0.351,0.08
116,House,20708,43,14,FL,100,,,"CASTOR, Kathy",C001066,1966,,-0.438,0.045,-11.57479,0.98089,600,2,,-0.416,-0.094
116,House,20709,43,16,FL,200,,,"BUCHANAN, Vernon G.",B001260,1951,,0.36,-0.138,-116.67995,0.82193,595,52,,0.355,-0.035
116,House,20758,43,12,FL,200,,,"BILIRAKIS, Gus",B001257,1963,,0.405,0.014,-106.47169,0.83282,582,51,,0.417,-0.057
116,House,20909,43,8,FL,200,,,"POSEY, Bill",P000599,1947,,0.519,-0.316,-146.02366,0.7801,588,71,,0.54,-0.31
116,House,20959,43,22,FL,100,,,"DEUTCH, Theodore E. (Ted)",D000610,1966,,-0.401,-0.1,-10.59688,0.98211,587,4,,-0.431,-0.017
116,House,21116,43,11,FL,200,,,"WEBSTER, Daniel A.",W000806,1949,,0.508,-0.044,-134.26722,0.79523,586,71,,0.575,-0.183
116,House,21118,43,24,FL,100,,,"WILSON, Frederica",W000808,1942,,-0.475,-0.017,-8.09194,0.98504,537,3,,-0.557,-0.009
116,House,21317,43,3,FL,200,,,"YOHO, Ted",Y000065,1955,,0.703,-0.366,-113.17618,0.81279,546,49,,0.716,-0.308
116,House,21321,43,21,FL,100,,,"FRANKEL, Lois",F000462,1948,,-0.401,-0.091,-12.44352,0.97818,564,8,,-0.346,-0.111
116,House,21712,43,13,FL,100,,,"CRIST, Charlie Joseph Jr.",C001111,1956,,-0.217,0.019,-26.99716,0.95614,602,13,,-0.274,0.226
116,House,21713,43,10,FL,100,,,"DEMINGS, Valdez Butler",D000627,1957,,-0.34,-0.149,-18.98773,0.96885,600,8,,-0.299,0.036
116,House,21714,43,2,FL,200,,,"DUNN, Neal Patrick",D000628,1953,,0.537,0.175,-114.69721,0.82414,593,55,,0.553,0.092
116,House,21719,43,1,FL,200,,,"GAETZ, Matthew L. II",G000578,1982,,0.623,-0.561,-164.47351,0.74193,551,77,,0.592,-0.617
116,House,21732,43,5,FL,100,,,"LAWSON, Alfred Jr.",L000586,1948,,-0.257,0.095,-23.10327,0.96095,580,11,,-0.276,0.163
116,House,21735,43,18,FL,200,,,"MAST, Brian Jeffery",M001199,1980,,0.411,-0.284,-166.91507,0.74729,573,71,,0.449,-0.35
116,House,21738,43,7,FL,100,,,"MURPHY, Stephanie",M001202,1978,,-0.158,0.054,-54.00919,0.91433,603,22,,-0.199,0.234
116,House,21742,43,19,FL,200,,,"ROONEY, Francis",R000607,1953,,0.513,-0.516,-232.84056,0.59742,452,114,,0.498,-0.68
116,House,21744,43,4,FL,200,,,"RUTHERFORD, John Henry",R000609,1952,,0.399,0.146,-144.56252,0.77972,581,60,,0.439,-0.06
116,House,21746,43,9,FL,100,,,"SOTO, Darren Michael",S001200,1978,,-0.381,0.119,-14.1913,0.97651,597,5,,-0.373,-0.064
116,House,21947,43,26,FL,100,,,"MUCARSEL-POWELL, Debbie",M001207,1971,,-0.351,0.249,-26.86195,0.95622,600,15,,-0.357,0.261
116,House,21963,43,27,FL,100,,,"SHALALA, Donna",S001206,1941,,-0.369,-0.075,-11.70886,0.98071,601,3,,-0.373,-0.075
116,House,21967,43,15,FL,200,,,"SPANO, Ross",S001210,1966,,0.45,-0.011,-90.96743,0.85932,600,32,,0.45,-0.011
116,House,21971,43,17,FL,200,,,"STEUBE, William",S001214,1978,,0.651,-0.335,-109.21289,0.82997,586,49,,0.651,-0.335
116,House,21981,43,6,FL,200,,,"WALTZ, Michael",W000823,1974,,0.395,-0.14,-106.78041,0.82862,568,52,,0.395,-0.14
116,House,29337,43,20,FL,100,,,"HASTINGS, Alcee Lamar",H000324,1936,,-0.564,0.158,-12.98846,0.96955,420,4,,-0.568,0.343
116,House,15431,44,5,GA,100,,,"LEWIS, John R.",L000287,1940,,-0.589,-0.221,-10.89854,0.98157,586,5,,-0.464,-0.126
116,House,20321,44,13,GA,100,,,"SCOTT, David",S001157,1945,,-0.301,0.163,-19.6407,0.9678,600,4,,-0.419,0.139
116,House,20712,44,4,GA,100,,,"JOHNSON, Hank",J000288,1954,,-0.466,0.007,-22.17567,0.96348,596,7,,-0.325,-0.379
116,House,20962,44,14,GA,200,,,"GRAVES, Tom",G000560,1970,,0.724,-0.011,-97.16969,0.85048,600,31,,0.684,0.109
116,House,21122,44,7,GA,200,,,"WOODALL, Rob",W000810,1970,,0.601,-0.202,-115.62198,0.82285,593,51,,0.512,0.039
116,House,21123,44,8,GA,200,,,"SCOTT, Austin",S001189,1969,,0.571,0.174,-85.02824,0.86828,602,31,,0.572,0.222
116,House,21323,44,9,GA,200,,,"COLLINS, Doug",C001093,1966,,0.616,0.121,-67.67683,0.88823,571,31,,0.607,0.305
116,House,21513,44,1,GA,200,,,"CARTER, Buddy",C001103,1957,,0.585,0.254,-78.73584,0.87702,600,29,,0.607,0.139
116,House,21514,44,10,GA,200,,,"HICE, Jody Brownlow",H001071,1960,,0.789,-0.093,-65.29127,0.89231,573,28,,0.861,-0.001
116,House,21515,44,11,GA,200,,,"LOUDERMILK, Barry D.",L000583,1963,,0.688,-0.013,-71.00866,0.88421,577,27,,0.712,0.153
116,House,21516,44,12,GA,200,,,"ALLEN, Rick W.",A000372,1951,,0.676,0.304,-79.61585,0.87612,602,33,,0.76,0.373
116,House,21717,44,3,GA,200,,,"FERGUSON, Anderson Drew IV",F000465,1967,,0.626,0.149,-90.10643,0.86034,599,38,,0.671,0.175
116,House,21944,44,6,GA,100,,,"McBATH, Lucy",M001208,1960,,-0.251,0.303,-37.00227,0.94029,601,12,,-0.251,0.303
116,House,29339,44,2,GA,100,,,"BISHOP, Sanford Dixon, Jr.",B000490,1947,,-0.282,0.465,-49.9471,0.91856,588,26,,-0.338,0.303
116,House,20322,82,1,HI,100,,,"CASE, Ed",C001055,1952,,-0.205,-0.138,-27.22509,0.95571,601,9,,-0.281,0.165
116,House,21324,82,2,HI,100,,,"GABBARD, Tulsi",G000571,1981,,-0.279,-0.255,-10.65763,0.97234,380,3,,-0.348,-0.633
116,House,21920,63,1,ID,200,,,"FULCHER, Russell",F000469,1973,,0.617,0.068,-77.88195,0.87731,595,31,,0.617,0.068
116,House,29910,63,2,ID,200,,,"SIMPSON, Michael K.",S001148,1950,,0.296,0.282,-165.82911,0.75641,594,66,,0.328,0.256
116,House,20508,21,3,IL,100,,,"LIPINSKI, Daniel",L000563,1966,,-0.23,0.177,-70.45407,0.88744,590,19,,-0.149,0.0
116,House,20749,21,11,IL,100,,,"FOSTER, Bill",F000454,1955,,-0.227,-0.229,-18.4621,0.9695,596,3,,-0.406,0.013
116,House,20954,21,5,IL,100,,,"QUIGLEY, Mike",Q000023,1958,,-0.321,-0.285,-14.91121,0.97509,591,4,,-0.375,-0.167
116,House,21128,21,16,IL,200,,,"KINZINGER, Adam",K000378,1978,,0.273,0.314,-112.33594,0.82281,576,49,,0.291,0.237
116,House,21326,21,10,IL,100,,,"SCHNEIDER, Brad",S001190,1961,,-0.17,-0.206,-21.53437,0.96475,600,4,,-0.282,-0.021
116,House,21328,21,13,IL,200,,,"DAVIS, Rodney",D000619,1970,,0.287,0.156,-89.63616,0.85703,581,29,,0.255,0.315
116,House,21329,21,17,IL,100,,,"BUSTOS, Cheri",B001286,1961,,-0.237,0.033,-18.326,0.97007,603,5,,-0.321,0.202
116,House,21371,21,2,IL,100,,,"KELLY, Robin L.",K000385,1956,,-0.459,0.003,-19.42971,0.96814,600,9,,-0.44,0.174
116,House,21519,21,12,IL,200,,,"BOST, Mike",B001295,1960,,0.272,0.499,-62.68884,0.88663,521,23,,0.302,0.434
116,House,21562,21,18,IL,200,,,"LaHOOD, Darin",L000585,1968,,0.464,0.143,-76.86894,0.87765,589,28,,0.477,0.275
116,House,21730,21,8,IL,100,,,"KRISHNAMOORTHI, S. Raja",K000391,1973,,-0.311,-0.112,-29.10711,0.95265,600,13,,-0.329,0.172
116,House,21906,21,6,IL,100,,,"CASTEN, Sean",C001117,1971,,-0.371,0.21,-25.2425,0.95894,602,8,,-0.319,0.096
116,House,21921,21,4,IL,100,,,"GARCÍA, Jesús",G000586,1956,,-0.535,-0.555,-14.81448,0.97557,599,4,,-0.575,-0.481
116,House,21979,21,14,IL,100,,,"UNDERWOOD, Lauren",U000040,1986,,-0.568,0.623,-38.26646,0.93791,597,11,,-0.539,0.584
116,House,29346,21,1,IL,100,,,"RUSH, Bobby L.",R000515,1946,,-0.478,-0.201,-16.68217,0.97131,573,5,,-0.452,-0.102
116,House,29717,21,7,IL,100,,,"DAVIS, Danny K.",D000096,1941,,-0.486,-0.263,-9.32968,0.98421,586,1,,-0.534,-0.43
116,House,29718,21,15,IL,200,,,"SHIMKUS, John M.",S000364,1958,,0.374,0.148,-81.56991,0.86688,571,39,,0.403,0.253
116,House,29911,21,9,IL,100,,,"SCHAKOWSKY, Janice D.",S001145,1944,,-0.607,-0.269,-12.60531,0.97914,598,4,,-0.477,-0.553
116,House,15124,22,1,IN,100,,,"VISCLOSKY, Peter",V000108,1949,,-0.402,0.244,-17.14109,0.97174,598,3,,-0.368,0.064
116,House,20757,22,7,IN,100,,,"CARSON, André",C001072,1974,,-0.43,0.058,-34.86884,0.94336,598,11,,-0.602,0.329
116,House,21132,22,8,IN,200,,,"BUCSHON, Larry",B001275,1962,,0.404,0.257,-75.08468,0.87974,586,31,,0.447,0.353
116,House,21330,22,2,IN,200,,,"WALORSKI, Jackie",W000813,1963,,0.428,0.31,-71.88952,0.88418,584,31,,0.39,0.339
116,House,21331,22,5,IN,200,,,"BROOKS, Susan",B001284,1960,,0.358,0.218,-113.48344,0.82502,590,52,,0.335,0.156
116,House,21702,22,3,IN,200,,,"BANKS, James E.",B001299,1979,,0.63,-0.001,-88.85745,0.86298,603,40,,0.624,0.044
116,House,21725,22,9,IN,200,,,"HOLLINGSWORTH, Joseph Albert III",H001074,1983,,0.407,-0.229,-164.41376,0.7575,592,78,,0.382,-0.274
116,House,21903,22,4,IN,200,,,"BAIRD, James",B001307,1945,,0.405,0.643,-67.62745,0.89358,601,27,,0.405,0.643
116,House,21952,22,6,IN,200,,,"PENCE, Gregory",P000615,1956,,0.427,0.648,-68.84248,0.89126,598,27,,0.427,0.648
116,House,20325,31,4,IA,200,,,"KING, Steve",K000362,1949,,0.61,0.192,-161.91863,0.75929,588,74,,0.57,-0.143
116,House,20720,31,2,IA,100,,,"LOEBSACK, Dave",L000565,1952,,-0.276,-0.032,-21.75967,0.96385,591,6,,-0.284,0.165
116,House,21902,31,3,IA,100,,,"AXNE, Cynthia",A000378,1965,,-0.234,0.598,-56.05492,0.90937,590,21,,-0.238,0.609
116,House,21918,31,1,IA,100,,,"FINKENAUER, Abby",F000467,1988,,-0.245,0.483,-50.60659,0.91937,602,27,,-0.25,0.495
116,House,21734,32,1,KS,200,,,"MARSHALL, Roger Wayne",M001198,1960,,0.527,0.169,-98.41532,0.84344,578,48,,0.541,0.13
116,House,21750,32,4,KS,200,,,"ESTES, Ron",E000298,1956,,0.598,0.09,-81.01716,0.8727,595,36,,0.615,0.079
116,House,21914,32,3,KS,100,,,"DAVIDS, Sharice",D000629,1980,,-0.24,0.231,-47.28474,0.92446,602,20,,-0.24,0.23
116,House,21982,32,2,KS,200,,,"WATKINS, Steve",W000824,1976,,0.556,0.056,-94.90979,0.85392,601,42,,0.556,0.056
116,House,14854,51,5,KY,200,,,"ROGERS, Harold Dallas (Hal)",R000395,1937,,0.336,0.107,-74.04773,0.88372,599,24,,0.325,0.606
116,House,20723,51,3,KY,100,,,"YARMUTH, John",Y000062,1947,,-0.378,-0.27,-17.14988,0.97164,596,5,,-0.412,-0.123
116,House,20916,51,2,KY,200,,,"GUTHRIE, Brett",G000558,1964,,0.417,0.27,-57.71796,0.90872,603,23,,0.42,0.505
116,House,21333,51,6,KY,200,,,"BARR, Garland H. (Andy) IV",B001282,1973,,0.492,0.28,-94.23924,0.85397,597,42,,0.504,0.192
116,House,21565,51,1,KY,200,,,"COMER, James",C001108,1972,,0.641,-0.035,-102.223,0.84239,596,48,,0.654,-0.03
116,House,31102,51,4,KY,200,,,"MASSIE, Thomas",M001184,1971,,0.68,-0.733,-191.25862,0.72153,586,83,,0.919,-0.395
116,House,20759,45,1,LA,200,,,"SCALISE, Steve",S001176,1965,,0.563,0.154,-64.31969,0.89819,599,28,,0.584,0.463
116,House,21137,45,2,LA,100,,,"RICHMOND, Cedric",R000588,1973,,-0.483,0.328,-31.01666,0.9464,563,12,,-0.657,0.329
116,House,21522,45,5,LA,200,,,"ABRAHAM, Ralph",A000374,1954,,0.534,0.31,-48.91668,0.87981,382,23,,0.597,0.324
116,House,21523,45,6,LA,200,,,"GRAVES, Garret",G000577,1972,,0.462,-0.078,-109.41543,0.83177,594,45,,0.413,-0.034
116,House,21724,45,3,LA,200,,,"HIGGINS, Clay",H001077,1961,,0.565,-0.08,-110.50615,0.81556,542,51,,0.577,-0.159
116,House,21727,45,4,LA,200,,,"JOHNSON, Mike",J000299,1972,,0.557,-0.093,-97.26598,0.84185,565,40,,0.549,-0.034
116,House,20920,2,1,ME,100,,,"PINGREE, Chellie",P000597,1955,,-0.421,-0.401,-14.74329,0.97549,594,7,,-0.477,-0.235
116,House,21923,2,2,ME,100,,,"GOLDEN, Jared",G000592,1982,,-0.183,0.574,-121.22572,0.81788,603,39,,-0.185,0.586
116,House,14873,52,5,MD,100,,,"HOYER, Steny Hamilton",H000874,1939,,-0.38,0.117,-12.91429,0.97831,589,3,,-0.408,0.157
116,House,20329,52,2,MD,100,,,"RUPPERSBERGER, C. A. (Dutch)",R000576,1946,,-0.295,0.133,-19.99261,0.96685,593,5,,-0.28,-0.062
116,House,20724,52,3,MD,100,,,"SARBANES, John",S001168,1962,,-0.468,-0.074,-13.17724,0.97828,600,5,,-0.39,-0.107
116,House,21139,52,1,MD,200,,,"HARRIS, Andy",H001052,1957,,0.652,-0.371,-121.41261,0.81486,593,50,,0.763,-0.443
116,House,21707,52,4,MD,100,,,"BROWN, Anthony Gregory",B001304,1961,,-0.342,-0.161,-24.41988,0.96012,600,11,,-0.364,-0.042
116,House,21741,52,8,MD,100,,,"RASKIN, Jamie Ben",R000606,1962,,-0.546,-0.23,-10.14576,0.9832,599,3,,-0.465,-0.471
116,House,21978,52,6,MD,100,,,"TRONE, David",T000483,1955,,-0.269,-0.104,-19.24297,0.96802,592,5,,-0.268,-0.109
116,House,29587,52,7,MD,100,,,"CUMMINGS, Elijah Eugene",C000984,1951,,-0.438,-0.148,-14.38346,0.96718,431,7,,-0.385,-0.096
116,House,15616,3,1,MA,100,,,"NEAL, Richard Edmund",N000015,1949,,-0.417,-0.11,-8.09995,0.98641,592,2,,-0.423,-0.1
116,House,20119,3,8,MA,100,,,"LYNCH, Stephen F.",L000562,1955,,-0.35,0.039,-27.75866,0.95472,599,8,,-0.263,-0.028
116,House,21140,3,9,MA,100,,,"KEATING, William R.",K000375,1952,,-0.328,-0.133,-24.00602,0.96019,591,8,,-0.316,-0.027
116,House,21335,3,4,MA,100,,,"KENNEDY, Joseph P. III",K000379,1980,,-0.423,-0.185,-10.50186,0.9825,595,4,,-0.476,-0.428
116,House,21375,3,5,MA,100,,,"CLARK, Katherine M.",C001101,1963,,-0.487,-0.372,-11.53168,0.98077,594,3,,-0.46,-0.189
116,House,21525,3,6,MA,100,,,"MOULTON, Seth",M001196,1978,,-0.286,-0.077,-63.82047,0.88408,518,24,,-0.199,0.139
116,House,21955,3,7,MA,100,,,"PRESSLEY, Ayanna",P000617,1974,,-0.283,-0.959,-31.7145,0.94792,593,14,,-0.284,-0.959
116,House,21977,3,3,MA,100,,,"TRAHAN, Lori",T000482,1973,,-0.476,-0.196,-8.23642,0.98643,603,4,,-0.497,-0.184
116,House,29729,3,2,MA,100,,,"McGOVERN, James P.",M000312,1959,,-0.539,-0.299,-9.57238,0.98415,599,3,,-0.466,-0.471
116,House,15446,23,6,MI,200,,,"UPTON, Frederick Stephen",U000031,1953,,0.335,-0.383,-146.14577,0.78318,598,70,,0.241,-0.002
116,House,20725,23,7,MI,200,,,"WALBERG, Tim",W000798,1951,,0.517,0.065,-84.45872,0.86849,599,33,,0.454,0.219
116,House,21142,23,2,MI,200,,,"HUIZENGA, Bill",H001058,1969,,0.591,-0.059,-105.85237,0.83627,592,45,,0.507,0.033
116,House,21143,23,3,MI,200,,,"AMASH, Justin",A000367,1980,,0.654,-0.757,-172.05329,0.62734,369,65,,0.919,-0.395
116,House,21372,23,5,MI,100,,,"KILDEE, Dan",K000380,1958,,-0.395,-0.212,-11.12424,0.98172,603,4,,-0.461,-0.287
116,House,21526,23,4,MI,200,,,"MOOLENAAR, John",M001194,1961,,0.397,0.429,-62.39426,0.9017,603,25,,0.403,0.355
116,House,21529,23,12,MI,100,,,"DINGELL, Debbie",D000624,1953,,-0.409,-0.135,-16.47163,0.97214,583,6,,-0.39,-0.432
116,House,21530,23,14,MI,100,,,"LAWRENCE, Brenda L",L000581,1954,,-0.444,-0.038,-8.61647,0.98515,576,2,,-0.492,-0.088
116,House,21704,23,1,MI,200,,,"BERGMAN, John",B001301,1947,,0.43,0.062,-103.49421,0.83936,591,50,,0.43,0.097
116,House,21737,23,10,MI,200,,,"MITCHELL, Paul",M001201,1961,,0.424,0.299,-97.28783,0.84962,597,40,,0.425,0.257
116,House,21940,23,9,MI,100,,,"LEVIN, Andy",L000592,1960,,-0.506,-0.526,-9.48301,0.98435,601,3,,-0.44,-0.55
116,House,21965,23,8,MI,100,,,"SLOTKIN, Elissa",S001208,1976,,-0.309,0.798,-79.52871,0.87625,602,31,,-0.312,0.806
116,House,21972,23,11,MI,100,,,"STEVENS, Haley",S001215,1983,,-0.372,0.512,-29.98275,0.95141,602,10,,-0.331,0.418
116,House,21975,23,13,MI,100,,,"TLAIB, Rashida",T000481,1976,,-0.289,-0.957,-32.70182,0.9467,597,13,,-0.29,-0.957
116,House,91143,23,3,MI,328,,,"AMASH, Justin",A000367,1980,,0.31,-0.951,-156.65975,0.50151,227,80,,0.307,-0.952
116,House,20122,33,4,MN,100,,,"McCOLLUM, Betty",M001143,1954,,-0.418,-0.19,-22.02802,0.96407,602,6,,-0.501,-0.023
116,House,21531,33,6,MN,200,,,"EMMER, Thomas Earl II",E000294,1961,,0.461,-0.042,-90.05699,0.85022,555,38,,0.507,0.116
116,House,21910,33,2,MN,100,,,"CRAIG, Angela",C001119,1972,,-0.293,0.675,-63.88063,0.89948,603,20,,-0.295,0.681
116,House,21929,33,1,MN,200,,,"HAGEDORN, Jim",H001088,1962,,0.441,0.482,-62.16236,0.90143,599,30,,0.441,0.482
116,House,21950,33,5,MN,100,,,"OMAR, Ilhan",O000173,1981,,-0.299,-0.954,-43.05812,0.92724,570,17,,-0.576,-0.818
116,House,21953,33,3,MN,100,,,"PHILLIPS, Dean",P000616,1969,,-0.223,-0.053,-35.81298,0.94234,603,8,,-0.222,-0.056
116,House,21969,33,8,MN,200,,,"STAUBER, Peter",S001212,1966,,0.289,0.203,-98.51756,0.84858,600,41,,0.289,0.203
116,House,29127,33,7,MN,100,,,"PETERSON, Collin Clark",P000258,1944,,-0.148,0.713,-168.14165,0.75383,595,82,,-0.193,0.869
116,House,21148,46,4,MS,200,,,"PALAZZO, Steven",P000601,1970,,0.522,0.553,-71.64105,0.88511,587,36,,0.621,0.614
116,House,21561,46,1,MS,200,,,"KELLY, Trent",K000388,1966,,0.627,0.252,-70.45127,0.88921,600,30,,0.676,0.271
116,House,21927,46,3,MS,200,,,"GUEST, Michael",G000591,1970,,0.477,0.257,-77.36929,0.87807,595,32,,0.477,0.257
116,House,29368,46,2,MS,100,,,"THOMPSON, Bennie",T000193,1948,,-0.516,0.399,-17.781,0.96986,581,7,,-0.456,0.047
116,House,20124,34,6,MO,200,,,"GRAVES, Samuel",G000546,1963,,0.442,0.169,-100.3285,0.8419,583,43,,0.534,0.35
116,House,20147,34,1,MO,100,,,"CLAY, William Lacy, Jr.",C001049,1956,,-0.481,-0.078,-14.38758,0.97562,583,6,,-0.586,0.064
116,House,20517,34,5,MO,100,,,"CLEAVER, Emanuel, II",C001061,1944,,-0.454,0.02,-25.33269,0.9579,589,11,,-0.44,0.133
116,House,20926,34,3,MO,200,,,"LUETKEMEYER, Blaine",L000569,1952,,0.437,0.254,-89.43312,0.86131,599,42,,0.378,0.453
116,House,21149,34,4,MO,200,,,"HARTZLER, Vicky",H001053,1960,,0.466,0.324,-96.86701,0.84764,586,34,,0.385,0.343
116,House,21150,34,7,MO,200,,,"LONG, Billy",L000576,1955,,0.544,0.246,-102.53284,0.84122,593,40,,0.536,0.061
116,House,21337,34,2,MO,200,,,"WAGNER, Ann",W000812,1962,,0.452,0.149,-107.22576,0.83279,586,49,,0.413,0.103
116,House,21373,34,8,MO,200,,,"SMITH, Jason",S001195,1980,,0.595,0.209,-76.15296,0.88117,602,36,,0.565,0.26
116,House,21751,64,1,MT,200,,,"GIANFORTE, Greg",G000584,1961,,0.43,0.108,-65.39318,0.8833,527,28,,0.432,0.157
116,House,20518,35,1,NE,200,,,"FORTENBERRY, Jeff",F000449,1960,,0.301,-0.061,-131.75273,0.80137,595,57,,0.314,-0.05
116,House,20729,35,3,NE,200,,,"SMITH, Adrian",S001172,1970,,0.515,0.186,-86.47704,0.86536,598,39,,0.558,0.245
116,House,21701,35,2,NE,200,,,"BACON, Donald J.",B001298,1963,,0.417,-0.124,-143.25797,0.78854,603,76,,0.413,-0.178
116,House,20927,65,1,NV,100,,,"TITUS, Alice (Dina)",T000468,1950,,-0.302,-0.217,-15.00931,0.9745,581,7,,-0.436,-0.342
116,House,21196,65,2,NV,200,,,"AMODEI, Mark E.",A000369,1958,,0.381,0.2,-98.86604,0.84475,586,47,,0.391,0.266
116,House,21339,65,4,NV,100,,,"HORSFORD, Steven",H001066,1973,,-0.351,0.09,-38.42704,0.93756,596,17,,-0.486,0.521
116,House,21938,65,3,NV,100,,,"LEE, Susie",L000590,1966,,-0.282,0.359,-38.75653,0.93765,602,15,,-0.292,0.379
116,House,21340,4,2,NH,100,,,"KUSTER, Ann McLane",K000382,1956,,-0.254,-0.133,-21.29925,0.96472,593,6,,-0.372,0.071
116,House,21951,4,1,NH,100,,,"PAPPAS, Chris",P000614,1980,,-0.378,0.261,-25.96478,0.95779,602,13,,-0.422,0.325
116,House,14863,12,4,NJ,200,,,"SMITH, Christopher Henry",S000522,1953,,0.164,-0.168,-168.43499,0.74454,571,74,,0.22,-0.154
116,House,15454,12,6,NJ,100,,,"PALLONE, Frank, Jr.",P000034,1951,,-0.404,-0.162,-13.29268,0.9782,603,4,,-0.462,-0.33
116,House,20542,12,8,NJ,100,,,"SIRES, Albio",S001165,1951,,-0.405,0.095,-11.12937,0.98125,588,4,,-0.429,0.131
116,House,21536,12,1,NJ,100,,,"NORCROSS, Donald",N000188,1958,,-0.427,0.328,-25.63049,0.95811,599,7,,-0.439,-0.013
116,House,21538,12,12,NJ,100,,,"WATSON COLEMAN, Bonnie",W000822,1945,,-0.626,-0.13,-43.17694,0.93045,599,16,,-0.322,-0.236
116,House,21723,12,5,NJ,100,,,"GOTTHEIMER, Josh S.",G000583,1975,,-0.135,0.192,-79.35517,0.87631,601,41,,-0.148,0.424
116,House,21937,12,3,NJ,100,,,"KIM, Andy",K000394,1982,,-0.284,0.47,-35.78286,0.94238,603,16,,-0.285,0.472
116,House,21942,12,7,NJ,100,,,"MALINOWSKI, Tomaz",M001203,1965,,-0.265,0.051,-25.89667,0.95776,600,8,,-0.264,0.048
116,House,21964,12,11,NJ,100,,,"SHERRILL, Mikie",S001207,1972,,-0.177,0.259,-50.04754,0.91984,599,20,,-0.176,0.258
116,House,21980,12,2,NJ,100,,,"VAN DREW, Jefferson",V000133,1953,,-0.147,0.644,-89.13305,0.85956,589,37,,-0.147,0.643
116,House,29741,12,9,NJ,100,,,"PASCRELL, William J., Jr.",P000096,1937,,-0.366,-0.005,-19.96482,0.96717,598,6,,-0.329,-0.248
116,House,31103,12,10,NJ,100,,,"PAYNE, Donald, Jr.",P000604,1958,,-0.516,-0.105,-23.44253,0.95886,558,7,,-0.393,-0.312
116,House,20932,66,3,NM,100,,,"LUJÁN, Ben Ray",L000570,1972,,-0.367,0.017,-17.50378,0.97125,600,9,,-0.301,-0.236
116,House,21928,66,1,NM,100,,,"HAALAND, Debra",H001080,1960,,-0.295,-0.296,-14.73751,0.9757,599,5,,-0.294,-0.309
116,House,21976,66,2,NM,100,,,"TORRES SMALL, Xochitl",T000484,1984,,-0.155,0.256,-70.68082,0.88887,600,27,,-0.154,0.255
116,House,15603,13,16,NY,100,,,"ENGEL, Eliot Lance",E000179,1947,,-0.408,-0.094,-14.61291,0.97586,598,5,,-0.556,-0.329
116,House,15612,13,17,NY,100,,,"LOWEY, Nita M.",L000480,1937,,-0.389,-0.155,-10.61732,0.98217,590,3,,-0.439,0.015
116,House,20519,13,26,NY,100,,,"HIGGINS, Brian",H001038,1959,,-0.347,-0.033,-14.65941,0.97566,595,7,,-0.361,-0.105
116,House,20733,13,9,NY,100,,,"CLARKE, Yvette Diane",C001067,1964,,-0.613,-0.207,-19.07077,0.96866,599,8,,-0.444,-0.646
116,House,20934,13,20,NY,100,,,"TONKO, Paul",T000469,1949,,-0.421,-0.264,-12.22833,0.97938,587,7,,-0.361,-0.424
116,House,21101,13,23,NY,200,,,"REED, Thomas W. II",R000585,1971,,0.281,0.111,-122.86131,0.81173,589,51,,0.235,0.219
116,House,21342,13,6,NY,100,,,"MENG, Grace",M001188,1975,,-0.378,-0.161,-40.14181,0.93423,590,17,,-0.27,-0.321
116,House,21343,13,8,NY,100,,,"JEFFRIES, Hakeem",J000294,1970,,-0.487,-0.086,-14.03221,0.9765,590,4,,-0.387,-0.178
116,House,21344,13,18,NY,100,,,"MALONEY, Sean Patrick",M001185,1966,,-0.237,0.118,-34.30268,0.94416,597,17,,-0.294,0.349
116,House,21345,13,27,NY,200,,,"COLLINS, Chris",C001092,1950,,0.357,0.236,-61.83374,0.87498,463,22,,0.328,0.316
116,House,21539,13,1,NY,200,,,"ZELDIN, Lee M",Z000017,1980,,0.387,-0.134,-142.48741,0.78704,595,60,,0.427,-0.18
116,House,21540,13,4,NY,100,,,"RICE, Kathleen Maura",R000602,1965,,-0.283,0.022,-48.56502,0.92047,586,22,,-0.245,0.229
116,House,21541,13,21,NY,200,,,"STEFANIK, Elise M",S001196,1984,,0.218,0.003,-120.81012,0.8179,601,52,,0.221,-0.034
116,House,21542,13,24,NY,200,,,"KATKO, John",K000386,1962,,0.203,-0.006,-107.40357,0.83069,579,44,,0.193,0.0
116,House,21715,13,13,NY,100,,,"ESPAILLAT, Adriano J.",E000297,1954,,-0.617,-0.13,-17.39385,0.97147,601,6,,-0.422,-0.585
116,House,21747,13,3,NY,100,,,"SUOZZI, Thomas",S001201,1962,,-0.207,0.083,-45.15509,0.92739,599,20,,-0.282,0.308
116,House,21761,13,25,NY,100,,,"MORELLE, Joseph D.",M001206,1957,,-0.313,0.099,-20.38731,0.96648,598,5,,-0.291,0.064
116,House,21904,13,22,NY,100,,,"BRINDISI, Anthony",B001308,1978,,-0.151,0.563,-108.86988,0.83406,600,36,,-0.15,0.562
116,House,21916,13,19,NY,100,,,"DELGADO, Antonio",D000630,1977,,-0.192,0.142,-49.21185,0.92163,603,16,,-0.191,0.14
116,House,21949,13,14,NY,100,,,"OCASIO-CORTEZ, Alexandria",O000172,1989,,-0.228,-0.974,-53.36569,0.91503,601,20,,-0.236,-0.972
116,House,21958,13,11,NY,100,,,"ROSE, Max",R000613,1986,,-0.171,0.131,-76.34568,0.87939,594,30,,-0.171,0.13
116,House,29134,13,15,NY,100,,,"SERRANO, José E.",S000248,1943,,-0.491,-0.376,-9.10912,0.98286,527,3,,-0.39,-0.257
116,House,29375,13,2,NY,200,,,"KING, Peter T.",K000210,1944,,0.26,-0.033,-118.64416,0.81922,595,43,,0.264,-0.036
116,House,29377,13,10,NY,100,,,"NADLER, Jerrold Lewis",N000002,1947,,-0.508,-0.508,-10.2022,0.98291,592,3,,-0.456,-0.505
116,House,29378,13,7,NY,100,,,"VELÁZQUEZ, Nydia M.",V000081,1953,,-0.547,-0.338,-9.8368,0.98349,591,3,,-0.453,-0.546
116,House,29379,13,12,NY,100,,,"MALONEY, Carolyn Bosher",M000087,1946,,-0.387,-0.279,-9.73952,0.98395,602,4,,-0.424,-0.335
116,House,29776,13,5,NY,100,,,"MEEKS, Gregory W.",M001137,1953,,-0.413,-0.074,-15.21826,0.97338,564,7,,-0.516,0.09
116,House,15438,47,4,NC,100,,,"PRICE, David Eugene",P000523,1940,,-0.343,-0.031,-12.84689,0.97882,600,5,,-0.416,-0.231
116,House,20340,47,1,NC,100,,,"BUTTERFIELD, George Kenneth, Jr. (G.K.)",B001251,1947,,-0.404,0.18,-14.33257,0.9762,595,5,,-0.479,0.001
116,House,20521,47,5,NC,200,,,"FOXX, Virginia Ann",F000450,1943,,0.631,0.119,-118.2878,0.82161,602,50,,0.564,-0.024
116,House,20522,47,10,NC,200,,,"McHENRY, Patrick T.",M001156,1975,,0.553,0.072,-147.74214,0.77881,591,59,,0.409,0.04
116,House,21346,47,8,NC,200,,,"HUDSON, Richard",H001067,1971,,0.584,0.12,-109.67967,0.82356,565,50,,0.467,0.171
116,House,21348,47,11,NC,200,,,"MEADOWS, Mark",M001187,1959,,0.607,-0.204,-126.13753,0.80515,582,59,,0.591,-0.221
116,House,21349,47,2,NC,200,,,"HOLDING, George E.B.",H001065,1968,,0.613,0.154,-63.86038,0.89259,562,25,,0.546,0.29
116,House,21543,47,6,NC,200,,,"WALKER, Bradley Mark",W000819,1969,,0.64,0.024,-70.50476,0.88009,552,29,,0.673,0.193
116,House,21544,47,7,NC,200,,,"ROUZER, David",R000603,1972,,0.573,0.183,-81.77227,0.87219,598,35,,0.54,0.207
116,House,21545,47,12,NC,100,,,"ADAMS, Alma",A000370,1946,,-0.468,0.011,-11.52548,0.98065,590,3,,-0.462,-0.111
116,House,21708,47,13,NC,200,,,"BUDD, Theodore Paul",B001305,1971,,0.667,-0.086,-83.2784,0.8698,597,35,,0.657,-0.06
116,House,21986,47,9,NC,200,,,"BISHOP, Dan",B001311,1964,,0.925,-0.011,-6.84301,0.94271,116,5,,0.933,-0.007
116,House,21987,47,3,NC,200,,,"MURPHY, Gregory Francis",M001210,1963,,0.601,0.01,-17.51702,0.8816,139,8,,0.601,0.01
116,House,29546,47,3,NC,200,,,"JONES, Walter Beaman, Jr.",J000255,1943,,0.244,-0.362,,,,,,,
116,House,21901,36,1,ND,200,,,"ARMSTRONG, Kelly",A000377,1976,,0.444,0.091,-106.53114,0.83299,583,47,,0.444,0.091
116,House,15029,24,9,OH,100,,,"KAPTUR, Marcia Carolyn (Marcy)",K000009,1946,,-0.35,0.109,-20.6267,0.96576,592,6,,-0.392,0.259
116,House,20342,24,10,OH,200,,,"TURNER, Michael R.",T000463,1960,,0.27,0.207,-82.46758,0.86976,591,23,,0.299,0.302
116,House,20343,24,13,OH,100,,,"RYAN, Timothy J.",R000577,1973,,-0.402,0.214,-15.17894,0.9674,458,6,,-0.335,-0.029
116,House,20738,24,4,OH,200,,,"JORDAN, Jim",J000289,1964,,0.719,-0.225,-76.34501,0.8792,593,29,,0.779,-0.213
116,House,20755,24,5,OH,200,,,"LATTA, Robert E.",L000566,1956,,0.519,0.257,-53.98989,0.91422,602,13,,0.51,0.301
116,House,20941,24,11,OH,100,,,"FUDGE, Marcia L.",F000455,1952,,-0.581,0.141,-34.24082,0.93943,548,12,,-0.465,0.382
116,House,21162,24,6,OH,200,,,"JOHNSON, Bill",J000292,1954,,0.433,0.278,-62.74754,0.89927,591,26,,0.442,0.385
116,House,21163,24,15,OH,200,,,"STIVERS, Steve",S001187,1965,,0.297,0.271,-102.06934,0.83631,571,46,,0.293,0.279
116,House,21165,24,7,OH,200,,,"GIBBS, Bob",G000563,1954,,0.475,0.316,-71.67783,0.88615,593,26,,0.518,0.463
116,House,21351,24,2,OH,200,,,"WENSTRUP, Brad",W000815,1958,,0.552,0.168,-82.16581,0.86833,582,30,,0.509,0.188
116,House,21352,24,3,OH,100,,,"BEATTY, Joyce",B001281,1950,,-0.429,0.069,-10.97535,0.9809,569,2,,-0.47,-0.003
116,House,21353,24,14,OH,200,,,"JOYCE, David",J000295,1957,,0.265,0.265,-86.20308,0.86596,599,29,,0.297,0.219
116,House,21564,24,8,OH,200,,,"DAVIDSON, Warren",D000626,1970,,0.712,-0.332,-134.91213,0.79682,594,69,,0.681,-0.387
116,House,21759,24,12,OH,200,,,"BALDERSON, Troy",B001306,1962,,0.449,0.535,-56.88443,0.90983,602,22,,0.451,0.539
116,House,21924,24,16,OH,200,,,"GONZALEZ, Anthony",G000588,1984,,0.292,0.206,-85.9413,0.86613,598,31,,0.291,0.206
116,House,29550,24,1,OH,200,,,"CHABOT, Steve",C000266,1953,,0.574,-0.219,-90.18454,0.86109,603,34,,0.503,0.151
116,House,20344,53,4,OK,200,,,"COLE, Tom",C001053,1949,,0.33,0.356,-107.45194,0.83628,601,42,,0.282,0.399
116,House,21355,53,2,OK,200,,,"MULLIN, Markwayne",M001190,1977,,0.515,0.373,-92.88875,0.85011,572,37,,0.543,0.166
116,House,21760,53,1,OK,200,,,"HERN, Kevin",H001082,1961,,0.678,0.012,-80.2593,0.87421,597,36,,0.689,0.013
116,House,21933,53,5,OK,100,,,"HORN, Kendra",H001083,1976,,-0.184,0.519,-86.98664,0.86525,601,37,,-0.187,0.526
116,House,29393,53,3,OK,200,,,"LUCAS, Frank D.",L000491,1960,,0.362,0.414,-55.08034,0.9068,563,22,,0.326,0.612
116,House,15410,72,4,OR,100,,,"DeFAZIO, Peter Anthony",D000191,1947,,-0.429,0.004,-35.33531,0.94119,583,12,,-0.571,-0.403
116,House,20944,72,5,OR,100,,,"SCHRADER, Kurt",S001180,1951,,-0.191,0.063,-67.99219,0.8908,588,33,,-0.161,0.138
116,House,21198,72,1,OR,100,,,"BONAMICI, Suzanne",B001278,1954,,-0.393,-0.395,-11.63778,0.98085,602,3,,-0.45,-0.342
116,House,29588,72,3,OR,100,,,"BLUMENAUER, Earl",B000574,1948,,-0.427,-0.669,-20.37005,0.96623,593,7,,-0.433,-0.851
116,House,29932,72,2,OR,200,,,"WALDEN, Greg",W000791,1957,,0.334,-0.014,-105.37651,0.83844,598,44,,0.265,0.236
116,House,20946,14,15,PA,200,,,"THOMPSON, Glenn",T000467,1959,,0.309,0.387,-74.46687,0.88105,588,21,,0.313,0.406
116,House,21167,14,16,PA,200,,,"KELLY, Mike",K000376,1948,,0.342,0.468,-106.71638,0.83273,583,52,,0.444,0.185
116,House,21170,14,12,PA,200,,,"MARINO, Thomas A.",M001179,1952,,0.352,0.477,-0.28897,0.98751,23,0,,0.0,0.0
116,House,21356,14,10,PA,200,,,"PERRY, Scott",P000605,1962,,0.627,-0.35,-121.06027,0.81364,587,65,,0.577,-0.298
116,House,21358,14,8,PA,100,,,"CARTWRIGHT, Matt",C001090,1961,,-0.371,-0.047,-10.85618,0.98126,574,2,,-0.405,0.021
116,House,21548,14,2,PA,100,,,"BOYLE, Brendan Francis",B001296,1977,,-0.396,0.142,-22.74761,0.96267,598,9,,-0.38,-0.187
116,House,21566,14,3,PA,100,,,"EVANS, Dwight",E000296,1954,,-0.451,-0.079,-10.1542,0.98311,596,2,,-0.466,-0.132
116,House,21718,14,1,PA,200,,,"FITZPATRICK, Brian K.",F000466,1973,,0.18,-0.189,-131.5331,0.80402,603,52,,0.153,-0.118
116,House,21745,14,11,PA,200,,,"SMUCKER, Lloyd K.",S001199,1964,,0.42,0.267,-61.20864,0.89733,565,27,,0.438,0.204
116,House,21756,14,17,PA,100,,,"LAMB, Conor",L000588,1984,,-0.117,0.128,-77.82461,0.87854,601,34,,-0.146,0.247
116,House,21762,14,5,PA,100,,,"SCANLON, Mary Gay",S001205,1959,,-0.467,-0.024,-12.60296,0.97921,600,4,,-0.574,0.111
116,House,21763,14,7,PA,100,,,"WILD, Susan",W000826,1957,,-0.399,0.683,-50.40938,0.91903,597,18,,-0.391,0.686
116,House,21915,14,4,PA,100,,,"DEAN, Madeleine",D000631,1959,,-0.504,0.001,-9.93873,0.98357,600,4,,-0.534,0.034
116,House,21934,14,6,PA,100,,,"HOULAHAN, Christina",H001085,1967,,-0.32,0.594,-33.2599,0.94616,601,10,,-0.323,0.602
116,House,21936,14,13,PA,200,,,"JOYCE, John",J000302,1957,,0.539,0.128,-60.69199,0.89746,561,26,,0.539,0.127
116,House,21945,14,9,PA,200,,,"MEUSER, Dan",M001204,1964,,0.579,0.418,-76.09428,0.87764,583,37,,0.579,0.418
116,House,21956,14,14,PA,200,,,"RESCHENTHALER, Guy",R000610,1983,,0.358,0.401,-72.52459,0.88359,586,25,,0.358,0.401
116,House,21985,14,12,PA,200,,,"KELLER, Fred",K000395,1965,,0.476,0.183,-52.95226,0.87542,398,20,,0.476,0.183
116,House,29561,14,18,PA,100,,,"DOYLE, Michael F.",D000482,1953,,-0.33,0.116,-22.6016,0.96152,576,7,,-0.41,-0.364
116,House,20136,5,2,RI,100,,,"LANGEVIN, James",L000559,1964,,-0.376,0.108,-28.5335,0.95348,599,7,,-0.274,-0.067
116,House,21172,5,1,RI,100,,,"CICILLINE, David N.",C001084,1961,,-0.391,-0.286,-18.45651,0.96966,599,5,,-0.472,-0.245
116,House,20138,48,2,SC,200,,,"WILSON, Addison Graves (Joe)",W000795,1947,,0.538,0.108,-95.41804,0.8495,585,42,,0.485,0.159
116,House,21174,48,3,SC,200,,,"DUNCAN, Jeff",D000615,1966,,0.731,-0.191,-92.49709,0.85735,601,33,,0.709,-0.129
116,House,21359,48,7,SC,200,,,"RICE, Tom",R000597,1957,,0.6,-0.274,-134.71622,0.79431,585,71,,0.629,-0.32
116,House,21753,48,5,SC,200,,,"NORMAN, Ralph",N000190,1953,,0.78,-0.175,-73.87944,0.88098,583,37,,0.813,-0.128
116,House,21913,48,1,SC,100,,,"CUNNINGHAM, Joe",C001122,1982,,-0.13,0.459,-102.73862,0.84093,593,40,,-0.129,0.458
116,House,21974,48,4,SC,200,,,"TIMMONS, William",T000480,1984,,0.593,0.157,-71.61115,0.87623,542,28,,0.593,0.157
116,House,39301,48,6,SC,100,,,"CLYBURN, James Enos",C000537,1940,,-0.464,0.254,-22.77864,0.9577,527,7,,-0.29,-0.174
116,House,21935,37,1,SD,200,,,"JOHNSON, Dustin",J000301,1976,,0.489,0.026,-90.02288,0.8611,602,26,,0.489,0.026
116,House,15019,54,5,TN,100,,,"COOPER, James Hayes Shofner",C000754,1954,,-0.162,-0.032,-74.84953,0.88123,592,19,,-0.237,0.226
116,House,20748,54,9,TN,100,,,"COHEN, Stephen",C001068,1949,,-0.4,-0.356,-22.2385,0.96319,593,8,,-0.37,-0.383
116,House,20947,54,1,TN,200,,,"ROE, David P. (Phil)",R000582,1945,,0.485,0.023,-75.74638,0.87952,590,29,,0.446,0.17
116,House,21178,54,3,TN,200,,,"FLEISCHMANN, Chuck",F000459,1962,,0.458,0.305,-84.53596,0.86919,603,40,,0.414,0.384
116,House,21179,54,4,TN,200,,,"DESJARLAIS, Scott",D000616,1964,,0.579,-0.09,-79.68103,0.87205,582,34,,0.542,0.065
116,House,21731,54,8,TN,200,,,"KUSTOFF, David",K000392,1966,,0.534,0.25,-61.05485,0.90121,587,23,,0.52,0.582
116,House,21905,54,2,TN,200,,,"BURCHETT, Timothy",B001309,1964,,0.717,-0.237,-100.33962,0.84433,593,39,,0.717,-0.237
116,House,21926,54,7,TN,200,,,"GREEN, Mark",G000590,1964,,0.723,0.127,-57.83441,0.89416,517,25,,0.723,0.127
116,House,21959,54,6,TN,200,,,"ROSE, John",R000612,1965,,0.688,0.122,-88.77956,0.85897,584,36,,0.688,0.122
116,House,20355,49,26,TX,200,,,"BURGESS, Michael C.",B001248,1950,,0.577,-0.217,-122.06625,0.81396,593,60,,0.631,-0.149
116,House,20356,49,31,TX,200,,,"CARTER, John R.",C001051,1941,,0.473,0.608,-112.8788,0.81977,568,50,,0.542,0.841
116,House,20527,49,1,TX,200,,,"GOHMERT, Louie",G000552,1953,,0.623,-0.328,-127.92699,0.79414,555,66,,0.705,-0.441
116,House,20529,49,9,TX,100,,,"GREEN, Al",G000553,1947,,-0.438,0.315,-20.41214,0.96655,600,10,,-0.412,0.033
116,House,20530,49,10,TX,200,,,"McCAUL, Michael T.",M001157,1962,,0.438,0.09,-113.83651,0.82692,599,48,,0.343,0.24
116,House,20531,49,11,TX,200,,,"CONAWAY, K. Michael",C001062,1948,,0.591,0.367,-68.67909,0.89218,602,32,,0.597,0.535
116,House,20532,49,24,TX,200,,,"MARCHANT, Kenny",M001158,1951,,0.601,0.169,-83.98241,0.85863,551,34,,0.607,0.152
116,House,20533,49,28,TX,100,,,"CUELLAR, Henry",C001063,1955,,-0.227,0.622,-95.99213,0.85283,603,47,,-0.311,0.796
116,House,20948,49,22,TX,200,,,"OLSON, Pete",O000168,1962,,0.549,0.307,-79.05636,0.87258,580,33,,0.596,0.291
116,House,21182,49,17,TX,200,,,"FLORES, Bill",F000461,1954,,0.573,0.291,-89.65484,0.85836,587,34,,0.508,0.201
116,House,21360,49,14,TX,200,,,"WEBER, Randy",W000814,1953,,0.706,0.053,-89.10394,0.85759,580,40,,0.718,0.026
116,House,21362,49,20,TX,100,,,"CASTRO, Joaquin",C001091,1974,,-0.398,-0.011,-26.29315,0.95568,580,9,,-0.579,-0.167
116,House,21364,49,25,TX,200,,,"WILLIAMS, Roger",W000816,1949,,0.588,0.092,-91.75625,0.85437,583,39,,0.566,0.047
116,House,21365,49,33,TX,100,,,"VEASEY, Marc",V000131,1971,,-0.402,0.286,-25.68817,0.95816,601,7,,-0.299,0.029
116,House,21366,49,34,TX,100,,,"VELA, Filemon",V000132,1963,,-0.312,0.415,-81.10792,0.87336,599,30,,-0.607,0.744
116,House,21549,49,4,TX,200,,,"RATCLIFFE, John",R000601,1965,,0.695,0.113,-67.47805,0.88334,544,29,,0.655,0.122
116,House,21550,49,23,TX,200,,,"HURD, William Ballard",H001073,1977,,0.294,0.231,-142.85645,0.78495,590,57,,0.209,0.315
116,House,21551,49,36,TX,200,,,"BABIN, Brian",B001291,1948,,0.691,0.158,-91.43934,0.85415,580,40,,0.691,0.198
116,House,21700,49,19,TX,200,,,"ARRINGTON, Jodey Cook",A000375,1972,,0.622,-0.046,-108.09277,0.83362,594,59,,0.645,-0.129
116,House,21722,49,15,TX,100,,,"GONZALEZ, Vicente Jr.",G000581,1967,,-0.377,0.669,-71.71971,0.88274,575,30,,-0.526,0.851
116,House,21758,49,27,TX,200,,,"CLOUD, Michael",C001115,1975,,0.639,-0.228,-121.75779,0.81522,596,50,,0.64,-0.252
116,House,21900,49,32,TX,100,,,"ALLRED, Colin",A000376,1983,,-0.449,0.653,-34.98227,0.94205,586,16,,-0.421,0.589
116,House,21911,49,2,TX,200,,,"CRENSHAW, Daniel",C001120,1984,,0.389,0.367,-73.26486,0.88378,593,31,,0.389,0.367
116,House,21917,49,16,TX,100,,,"ESCOBAR, Veronica",E000299,1969,,-0.452,-0.308,-10.10367,0.98322,597,5,,-0.466,-0.309
116,House,21919,49,7,TX,100,,,"FLETCHER, Elizabeth",F000468,1975,,-0.425,0.859,-59.92413,0.9051,601,29,,-0.4,0.806
116,House,21922,49,29,TX,100,,,"GARCIA, Sylvia",G000587,1950,,-0.764,0.55,-43.63344,0.9302,603,13,,-0.765,0.546
116,House,21925,49,5,TX,200,,,"GOODEN, Lance",G000589,1982,,0.723,0.128,-61.40408,0.90052,586,25,,0.723,0.128
116,House,21961,49,21,TX,200,,,"ROY, Charles",R000614,1972,,0.8,-0.6,-111.67724,0.82834,593,42,,1.0,-0.03
116,House,21973,49,3,TX,200,,,"TAYLOR, Nicholas",T000479,1972,,0.549,-0.158,-115.50062,0.82489,600,53,,0.549,-0.158
116,House,21984,49,6,TX,200,,,"WRIGHT, Ron",W000827,1953,,0.736,-0.05,-52.28402,0.89598,476,20,,0.736,-0.05
116,House,29571,49,35,TX,100,,,"DOGGETT, Lloyd Alton, II",D000399,1946,,-0.402,-0.313,-30.62308,0.94874,582,9,,-0.591,-0.286
116,House,29572,49,13,TX,200,,,"THORNBERRY, William McClellan (Mac)",T000238,1958,,0.524,0.309,-96.16158,0.84818,584,45,,0.497,0.267
116,House,29573,49,18,TX,100,,,"JACKSON LEE, Sheila",J000032,1950,,-0.459,0.129,-16.75609,0.97214,593,8,,-0.581,-0.148
116,House,29760,49,8,TX,200,,,"BRADY, Kevin Patrick",B000755,1955,,0.524,0.215,-99.31967,0.84086,573,45,,0.582,0.21
116,House,29762,49,12,TX,200,,,"GRANGER, Kay",G000377,1943,,0.397,0.239,-93.31545,0.84947,572,43,,0.438,0.338
116,House,39305,49,30,TX,100,,,"JOHNSON, Eddie Bernice",J000126,1935,,-0.485,0.204,-18.64875,0.96909,594,7,,-0.381,0.037
116,House,20357,67,1,UT,200,,,"BISHOP, Robert (Rob)",B001250,1951,,0.536,0.104,-116.65422,0.8158,573,56,,0.576,-0.002
116,House,21367,67,2,UT,200,,,"STEWART, Chris",S001192,1960,,0.529,0.153,-72.81152,0.88482,595,35,,0.541,0.331
116,House,21755,67,3,UT,200,,,"CURTIS, John R.",C001114,1960,,0.55,0.013,-72.92185,0.87708,556,35,,0.549,0.033
116,House,21943,67,4,UT,100,,,"McADAMS, Ben",M001209,1974,,-0.071,0.254,-161.50033,0.76436,601,59,,-0.071,0.255
116,House,20750,6,1,VT,100,,,"WELCH, Peter",W000800,1947,,-0.41,-0.349,-15.93003,0.97336,590,6,,-0.642,-0.193
116,House,20756,40,1,VA,200,,,"WITTMAN, Robert J.",W000804,1959,,0.444,-0.022,-113.8166,0.82669,598,51,,0.532,0.141
116,House,20952,40,11,VA,100,,,"CONNOLLY, Gerald E. (Gerry)",C001078,1950,,-0.306,-0.012,-43.65908,0.92959,598,20,,-0.218,-0.071
116,House,21191,40,9,VA,200,,,"GRIFFITH, H. Morgan",G000568,1958,,0.552,-0.438,-142.326,0.78598,591,63,,0.573,-0.348
116,House,21554,40,8,VA,100,,,"BEYER, Donald Sternoff Jr.",B001292,1950,,-0.387,-0.044,-14.87946,0.9753,595,6,,-0.36,-0.304
116,House,21736,40,4,VA,100,,,"MCEACHIN, Aston Donald",M001200,1961,,-0.388,-0.092,-24.61902,0.94928,473,11,,-0.298,-0.03
116,House,21908,40,6,VA,200,,,"CLINE, Benjamin",C001118,1972,,0.717,-0.214,-99.88788,0.84734,603,44,,0.717,-0.214
116,House,21941,40,2,VA,100,,,"LURIA, Elaine",L000591,1975,,-0.177,0.352,-82.0738,0.87255,602,39,,-0.176,0.35
116,House,21957,40,5,VA,200,,,"RIGGLEMAN, Denver",R000611,1970,,0.482,-0.053,-98.48458,0.84839,599,34,,0.482,-0.053
116,House,21966,40,7,VA,100,,,"SPANBERGER, Abigail",S001209,1979,,-0.187,0.501,-73.50958,0.88487,601,28,,-0.19,0.508
116,House,21983,40,10,VA,100,,,"WEXTON, Jennifer",W000825,1968,,-0.376,0.448,-21.1943,0.96541,602,11,,-0.385,0.467
116,House,39307,40,3,VA,100,,,"SCOTT, Robert C.",S000185,1947,,-0.45,0.015,-35.79346,0.94228,602,13,,-0.301,0.053
116,House,20145,73,2,WA,100,,,"LARSEN, Richard Ray (Rick)",L000560,1965,,-0.365,0.189,-30.37401,0.95064,600,9,,-0.542,0.235
116,House,20535,73,5,WA,200,,,"McMORRIS RODGERS, Cathy",M001159,1969,,0.424,0.114,-105.5107,0.837,593,47,,0.398,-0.039
116,House,21187,73,3,WA,200,,,"HERRERA BEUTLER, Jaime",H001056,1978,,0.359,-0.193,-95.70051,0.80211,434,47,,0.263,-0.006
116,House,21368,73,6,WA,100,,,"KILMER, Derek",K000381,1974,,-0.309,-0.013,-25.90129,0.95796,603,13,,-0.406,0.423
116,House,21369,73,10,WA,100,,,"HECK, Denny",H001064,1952,,-0.31,-0.13,-14.34884,0.97649,603,4,,-0.278,-0.257
116,House,21556,73,4,WA,200,,,"NEWHOUSE, Daniel Milton",N000189,1955,,0.348,0.226,-86.30531,0.8654,597,38,,0.322,0.273
116,House,21726,73,7,WA,100,,,"JAYAPAL, Pramila",J000298,1965,,-0.697,-0.224,-15.76309,0.97407,600,8,,-0.555,-0.69
116,House,21962,73,8,WA,100,,,"SCHRIER, Kim",S001216,1968,,-0.34,0.447,-29.62707,0.95205,603,16,,-0.345,0.457
116,House,29768,73,9,WA,100,,,"SMITH, Adam",S000510,1965,,-0.284,-0.16,-11.8495,0.98012,590,5,,-0.338,-0.324
116,House,31101,73,1,WA,100,,,"DelBENE, Suzan K.",D000617,1962,,-0.28,-0.229,-15.08455,0.97525,602,2,,-0.352,-0.184
116,House,21188,56,1,WV,200,,,"McKINLEY, David",M001180,1947,,0.302,0.188,-100.96862,0.84582,603,41,,0.336,0.382
116,House,21557,56,2,WV,200,,,"MOONEY, Alex X.",M001195,1971,,0.577,-0.29,-138.87792,0.79307,599,61,,0.573,-0.275
116,House,21946,56,3,WV,200,,,"MILLER, Carol",M001205,1950,,0.463,0.388,-68.17353,0.89259,600,26,,0.462,0.388
116,House,14657,25,5,WI,200,,,"SENSENBRENNER, Frank James, Jr.",S000244,1943,,0.64,-0.587,-132.88888,0.77372,518,68,,0.576,-0.263
116,House,20537,25,4,WI,100,,,"MOORE, Gwendolynne S. (Gwen)",M001160,1951,,-0.531,-0.247,-20.16512,0.96657,593,10,,-0.497,-0.383
116,House,21189,25,7,WI,200,,,"DUFFY, Sean",D000614,1971,,0.511,-0.109,-100.93909,0.79459,439,46,,0.515,0.012
116,House,21370,25,2,WI,100,,,"POCAN, Mark",P000607,1964,,-0.542,-0.529,-23.25285,0.96142,591,6,,-0.439,-0.808
116,House,21559,25,6,WI,200,,,"GROTHMAN, Glenn",G000576,1955,,0.618,-0.289,-124.08105,0.8071,579,57,,0.623,-0.34
116,House,21720,25,8,WI,200,,,"GALLAGHER, Michael",G000579,1984,,0.441,-0.035,-124.33826,0.81142,595,53,,0.388,-0.008
116,House,21970,25,1,WI,200,,,"STEIL, Bryan",S001213,1981,,0.417,-0.068,-104.5699,0.83957,598,47,,0.417,-0.068
116,House,29769,25,3,WI,100,,,"KIND, Ron",K000188,1963,,-0.262,-0.083,-55.58721,0.9095,586,22,,-0.227,0.099
116,House,21710,68,1,WY,200,,,"CHENEY, Liz",C001109,1966,,0.507,0.497,-95.42659,0.84829,580,46,,0.498,0.598
